{"cameraMode":{"drawMode":0,"name":"Shaded","section":"Shading Mode"},"sceneLighting":false,"audioPlay":false,"sceneViewState":{"showFog":true,"showMaterialUpdate":false,"showSkybox":false,"showFlares":true,"showImageEffects":true,"showParticleSystems":true,"showVisualEffectGraphs":true,"m_FxEnabled":true},"in2DMode":false,"pivot":{"x":-0.48862630128860476,"y":1.8681303262710572,"z":0.28162336349487307},"rotation":{"x":-0.019076760858297349,"y":-0.7253992557525635,"z":0.01954949088394642,"w":-0.688042938709259},"size":1.3387479782104493,"orthographic":false}