{"cameraMode":{"drawMode":0,"name":"Shaded","section":"Shading Mode"},"sceneLighting":false,"audioPlay":false,"sceneViewState":{"showFog":true,"showMaterialUpdate":false,"showSkybox":false,"showFlares":true,"showImageEffects":true,"showParticleSystems":true,"showVisualEffectGraphs":true,"m_FxEnabled":true},"in2DMode":false,"pivot":{"x":-0.48862630128860476,"y":1.8681303262710572,"z":0.28162336349487307},"rotation":{"x":0.0023288798984140159,"y":-0.9952782988548279,"z":0.09465757012367249,"w":0.028422581031918527},"size":1.3387479782104493,"orthographic":false}