{"cameraMode":{"drawMode":0,"name":"Shaded","section":"Shading Mode"},"sceneLighting":false,"audioPlay":false,"sceneViewState":{"showFog":true,"showMaterialUpdate":false,"showSkybox":false,"showFlares":true,"showImageEffects":true,"showParticleSystems":true,"showVisualEffectGraphs":true,"m_FxEnabled":true},"in2DMode":false,"pivot":{"x":-5.541629314422607,"y":0.9729720950126648,"z":3.268683910369873},"rotation":{"x":0.005791674368083477,"y":0.6845614314079285,"z":-0.005244310479611158,"w":0.7291496396064758},"size":2.7824554443359377,"orthographic":false}