{"cameraMode":{"drawMode":0,"name":"Shaded","section":"Shading Mode"},"sceneLighting":false,"audioPlay":false,"sceneViewState":{"showFog":true,"showMaterialUpdate":false,"showSkybox":false,"showFlares":true,"showImageEffects":true,"showParticleSystems":true,"showVisualEffectGraphs":true,"m_FxEnabled":true},"in2DMode":false,"pivot":{"x":2.4080586433410646,"y":0.32015901803970339,"z":-2.0023748874664308},"rotation":{"x":0.07619404792785645,"y":0.839949905872345,"z":-0.12199539691209793,"w":0.5235799551010132},"size":2.4824557304382326,"orthographic":false}