{"cameraMode":{"drawMode":0,"name":"Shaded","section":"Shading Mode"},"sceneLighting":false,"audioPlay":false,"sceneViewState":{"showFog":true,"showMaterialUpdate":false,"showSkybox":false,"showFlares":true,"showImageEffects":true,"showParticleSystems":true,"showVisualEffectGraphs":true,"m_FxEnabled":true},"in2DMode":false,"pivot":{"x":-1.2599999904632569,"y":0.8000000715255737,"z":-16.700000762939454},"rotation":{"x":-0.0021223556250333788,"y":0.989955723285675,"z":-0.14235183596611024,"w":-0.016977893188595773},"size":1.230646014213562,"orthographic":false}