{"cameraMode":{"drawMode":0,"name":"Shaded","section":"Shading Mode"},"sceneLighting":false,"audioPlay":false,"sceneViewState":{"showFog":true,"showMaterialUpdate":false,"showSkybox":false,"showFlares":true,"showImageEffects":true,"showParticleSystems":true,"showVisualEffectGraphs":true,"m_FxEnabled":true},"in2DMode":false,"pivot":{"x":10.287409782409668,"y":0.08309242129325867,"z":-26.451669692993165},"rotation":{"x":-0.10687824338674545,"y":-0.6515108346939087,"z":-0.08455651253461838,"w":0.7469906806945801},"size":0.1422787308692932,"orthographic":false}