{"cameraMode":{"drawMode":0,"name":"Shaded","section":"Shading Mode"},"sceneLighting":false,"audioPlay":false,"sceneViewState":{"showFog":true,"showMaterialUpdate":false,"showSkybox":false,"showFlares":true,"showImageEffects":true,"showParticleSystems":true,"showVisualEffectGraphs":true,"m_FxEnabled":true},"in2DMode":false,"pivot":{"x":10.340044021606446,"y":0.028259247541427614,"z":-26.300750732421876},"rotation":{"x":0.006743457168340683,"y":-0.8991195559501648,"z":0.43789318203926089,"w":0.029433347284793855},"size":2.0366690158843996,"orthographic":false}