{"cameraMode":{"drawMode":0,"name":"Shaded","section":"Shading Mode"},"sceneLighting":false,"audioPlay":false,"sceneViewState":{"showFog":true,"showMaterialUpdate":false,"showSkybox":false,"showFlares":true,"showImageEffects":true,"showParticleSystems":true,"showVisualEffectGraphs":true,"m_FxEnabled":true},"in2DMode":false,"pivot":{"x":1.7799663543701172,"y":1.5778717994689942,"z":0.7026126384735107},"rotation":{"x":-0.05494034290313721,"y":-0.8680658936500549,"z":0.09827681630849838,"w":-0.4838602840900421},"size":1.0824933052062989,"orthographic":false}