{"cameraMode":{"drawMode":0,"name":"Shaded","section":"Shading Mode"},"sceneLighting":false,"audioPlay":false,"sceneViewState":{"showFog":true,"showMaterialUpdate":false,"showSkybox":false,"showFlares":true,"showImageEffects":true,"showParticleSystems":true,"showVisualEffectGraphs":true,"m_FxEnabled":true},"in2DMode":false,"pivot":{"x":0.012521684169769287,"y":0.4784512519836426,"z":4.589770317077637},"rotation":{"x":-0.044100020080804828,"y":-0.6136557459831238,"z":0.034172769635915759,"w":-0.7877951860427856},"size":1.0663166046142579,"orthographic":false}