{"cameraMode":{"drawMode":0,"name":"Shaded","section":"Shading Mode"},"sceneLighting":false,"audioPlay":false,"sceneViewState":{"showFog":true,"showMaterialUpdate":false,"showSkybox":false,"showFlares":true,"showImageEffects":true,"showParticleSystems":true,"showVisualEffectGraphs":true,"m_FxEnabled":true},"in2DMode":false,"pivot":{"x":0.012521684169769287,"y":0.4784512519836426,"z":4.589770317077637},"rotation":{"x":-0.01269901916384697,"y":-0.9679747223854065,"z":0.24644798040390016,"w":-0.049408916383981708},"size":1.0663166046142579,"orthographic":false}