{"cameraMode":{"drawMode":0,"name":"Shaded","section":"Shading Mode"},"sceneLighting":false,"audioPlay":false,"sceneViewState":{"showFog":true,"showMaterialUpdate":false,"showSkybox":false,"showFlares":true,"showImageEffects":true,"showParticleSystems":true,"showVisualEffectGraphs":true,"m_FxEnabled":true},"in2DMode":false,"pivot":{"x":9.28303050994873,"y":1.2373807430267335,"z":-7.581090450286865},"rotation":{"x":0.007802030071616173,"y":-0.5797924995422363,"z":0.0076910448260605339,"w":0.8151134252548218},"size":2.0660252571105959,"orthographic":false}