{"cameraMode":{"drawMode":0,"name":"Shaded","section":"Shading Mode"},"sceneLighting":true,"audioPlay":false,"sceneViewState":{"showFog":true,"showMaterialUpdate":false,"showSkybox":true,"showFlares":true,"showImageEffects":true,"showParticleSystems":true,"showVisualEffectGraphs":true,"m_FxEnabled":true},"in2DMode":false,"pivot":{"x":20.557878494262697,"y":-26.114219665527345,"z":13.692813873291016},"rotation":{"x":0.25956177711486819,"y":0.29756036400794985,"z":-0.07880043983459473,"w":0.9159238934516907},"size":80.10785675048828,"orthographic":false}