{"cameraMode":{"drawMode":0,"name":"Shaded","section":"Shading Mode"},"sceneLighting":true,"audioPlay":false,"sceneViewState":{"showFog":true,"showMaterialUpdate":false,"showSkybox":true,"showFlares":true,"showImageEffects":true,"showParticleSystems":true,"showVisualEffectGraphs":true,"m_FxEnabled":true},"in2DMode":false,"pivot":{"x":-4.510084629058838,"y":0.020200729370117189,"z":-0.4977530241012573},"rotation":{"x":0.09925898909568787,"y":-0.313984215259552,"z":0.034753624349832538,"w":0.9439571499824524},"size":8.075822830200196,"orthographic":false}