{"cameraMode":{"drawMode":0,"name":"Shaded","section":"Shading Mode"},"sceneLighting":true,"audioPlay":false,"sceneViewState":{"showFog":true,"showMaterialUpdate":false,"showSkybox":true,"showFlares":true,"showImageEffects":true,"showParticleSystems":true,"showVisualEffectGraphs":true,"m_FxEnabled":true},"in2DMode":false,"pivot":{"x":2.9748685359954836,"y":-31.16995620727539,"z":22.23871612548828},"rotation":{"x":0.31831997632980349,"y":0.02156987600028515,"z":-0.0008102438296191394,"w":0.9483470320701599},"size":36.92152404785156,"orthographic":false}