{"cameraMode":{"drawMode":0,"name":"Shaded","section":"Shading Mode"},"sceneLighting":true,"audioPlay":false,"sceneViewState":{"showFog":true,"showMaterialUpdate":false,"showSkybox":true,"showFlares":true,"showImageEffects":true,"showParticleSystems":true,"showVisualEffectGraphs":true,"m_FxEnabled":true},"in2DMode":false,"pivot":{"x":-0.020020872354507448,"y":1.3628578186035157,"z":-1.613325595855713},"rotation":{"x":-0.06755616515874863,"y":0.8802887201309204,"z":-0.13368691504001618,"w":-0.45074164867401125},"size":5.344420909881592,"orthographic":false}