{"cameraMode":{"drawMode":0,"name":"Shaded","section":"Shading Mode"},"sceneLighting":true,"audioPlay":false,"sceneViewState":{"showFog":true,"showMaterialUpdate":false,"showSkybox":true,"showFlares":true,"showImageEffects":true,"showParticleSystems":true,"showVisualEffectGraphs":true,"m_FxEnabled":true},"in2DMode":false,"pivot":{"x":0.43340206146240237,"y":-21.228588104248048,"z":7.068052291870117},"rotation":{"x":0.3622274100780487,"y":-0.006023213267326355,"z":0.0074701751582324509,"w":0.9325980544090271},"size":27.69639778137207,"orthographic":false}