{"cameraMode":{"drawMode":0,"name":"Shaded","section":"Shading Mode"},"sceneLighting":true,"audioPlay":false,"sceneViewState":{"showFog":true,"showMaterialUpdate":false,"showSkybox":true,"showFlares":true,"showImageEffects":true,"showParticleSystems":true,"showVisualEffectGraphs":true,"m_FxEnabled":true},"in2DMode":false,"pivot":{"x":19.282150268554689,"y":1.161366581916809,"z":-17.16971206665039},"rotation":{"x":-0.030048206448554994,"y":-0.17935100197792054,"z":0.004218313377350569,"w":-0.9836492538452148},"size":15.372907638549805,"orthographic":false}