{"cameraMode":{"drawMode":0,"name":"Shaded","section":"Shading Mode"},"sceneLighting":true,"audioPlay":false,"sceneViewState":{"showFog":true,"showMaterialUpdate":false,"showSkybox":true,"showFlares":true,"showImageEffects":true,"showParticleSystems":true,"showVisualEffectGraphs":true,"m_FxEnabled":true},"in2DMode":false,"pivot":{"x":6.376172065734863,"y":-26.705102920532228,"z":-0.06660652160644531},"rotation":{"x":0.41881895065307619,"y":0.13800738751888276,"z":-0.05942358449101448,"w":0.8961215019226074},"size":30.019426345825197,"orthographic":false}