{"cameraMode":{"drawMode":0,"name":"Shaded","section":"Shading Mode"},"sceneLighting":true,"audioPlay":false,"sceneViewState":{"showFog":true,"showMaterialUpdate":false,"showSkybox":true,"showFlares":true,"showImageEffects":true,"showParticleSystems":true,"showVisualEffectGraphs":true,"m_FxEnabled":true},"in2DMode":false,"pivot":{"x":40.30720901489258,"y":4.4668731689453129,"z":22.896732330322267},"rotation":{"x":0.05399465560913086,"y":-0.003543678903952241,"z":0.00512863602489233,"w":0.9990484118461609},"size":326.9263916015625,"orthographic":false}