{"cameraMode":{"drawMode":0,"name":"Shaded","section":"Shading Mode"},"sceneLighting":true,"audioPlay":false,"sceneViewState":{"showFog":true,"showMaterialUpdate":false,"showSkybox":true,"showFlares":true,"showImageEffects":true,"showParticleSystems":true,"showVisualEffectGraphs":true,"m_FxEnabled":true},"in2DMode":false,"pivot":{"x":5.451401710510254,"y":-8.756147384643555,"z":26.336193084716798},"rotation":{"x":0.28560692071914675,"y":0.038053493946790698,"z":-0.006078458856791258,"w":0.9581149816513062},"size":20.829425811767579,"orthographic":false}