{"cameraMode":{"drawMode":0,"name":"Shaded","section":"Shading Mode"},"sceneLighting":true,"audioPlay":false,"sceneViewState":{"showFog":true,"showMaterialUpdate":false,"showSkybox":true,"showFlares":true,"showImageEffects":true,"showParticleSystems":true,"showVisualEffectGraphs":true,"m_FxEnabled":true},"in2DMode":false,"pivot":{"x":10.615011215209961,"y":-12.950026512145996,"z":9.480476379394532},"rotation":{"x":0.35764166712760928,"y":0.16245225071907044,"z":-0.05795551463961601,"w":0.9183627963066101},"size":22.085582733154298,"orthographic":false}