{"cameraMode":{"drawMode":0,"name":"Shaded","section":"Shading Mode"},"sceneLighting":false,"audioPlay":false,"sceneViewState":{"showFog":true,"showMaterialUpdate":false,"showSkybox":false,"showFlares":true,"showImageEffects":true,"showParticleSystems":true,"showVisualEffectGraphs":true,"m_FxEnabled":true},"in2DMode":false,"pivot":{"x":0.7375263571739197,"y":0.17597950994968415,"z":0.8626830577850342},"rotation":{"x":-0.005690517369657755,"y":-0.6917072534561157,"z":0.0053502279333770279,"w":-0.7222917079925537},"size":0.5225266218185425,"orthographic":false}