{"cameraMode":{"drawMode":0,"name":"Shaded","section":"Shading Mode"},"sceneLighting":false,"audioPlay":false,"sceneViewState":{"showFog":true,"showMaterialUpdate":false,"showSkybox":false,"showFlares":true,"showImageEffects":true,"showParticleSystems":true,"showVisualEffectGraphs":true,"m_FxEnabled":true},"in2DMode":false,"pivot":{"x":10.869999885559082,"y":0.9107352495193481,"z":-2.357748508453369},"rotation":{"x":-0.036689043045043948,"y":-0.7172855734825134,"z":0.037954118102788928,"w":-0.6948816776275635},"size":1.7083535194396973,"orthographic":false}